Páginas principais,Cliques,Impressões,CTR,Posição
https://aulasdematematicabh.com.br/,1,21,4.76%,6.62
https://aulasdematematicabh.com.br/sobre,0,24,0%,4.21
https://aulasdematematicabh.com.br/reforco-escolar-matematica,0,13,0%,39.54
https://aulasdematematicabh.com.br/aulas-particulares-matematica-bh,0,9,0%,11.11
https://aulasdematematicabh.com.br/contato,0,8,0%,5.88
https://aulasdematematicabh.com.br/blog,0,3,0%,8.33
https://aulasdematematicabh.com.br/blog/por-que-matematica-parece-dificil,0,3,0%,8.33
https://aulasdematematicabh.com.br/blog/como-ajudar-filho-matematica,0,1,0%,7
https://aulasdematematicabh.com.br/enem-matematica,0,1,0%,8
https://aulasdematematicabh.com.br/blog/como-estudar-matematica-enem,0,1,0%,9