"query","search interest","increase percent"
"encceja 2026 local de prova",2,"Breakout"
"local da prova do encceja 2026",1,"Breakout"
"página do participante encceja 2026",1,"Breakout"
"inscricao encceja 2026",1,"Breakout"
"dia da prova do encceja 2026",1,"Breakout"
"simulado encceja 2026",1,"Breakout"
"gabarito encceja 2026",3,"Breakout"
"encceja 2027 inscrição",0,"Breakout"
"que horas sai o resultado do encceja 2025",0,"Breakout"
"enccejanacional.inep.gov.br 2026",0,"Breakout"
"como estudar para o encceja 2026",0,"Breakout"
"local de prova encceja 2026",2,"Breakout"
"encceja 2026 participante",3,"Breakout"
"tema da redação do encceja 2026",0,"Breakout"
"quando será a prova do encceja 2026",0,"Breakout"
"que dia é a prova do encceja 2026",0,"Breakout"
"encceja 2027",2,"Breakout"
"edital encceja 2026",2,"Breakout"
"ja saiu o resultado do encceja 2025",0,"Breakout"
"resultado encceja 2026",3,"Breakout"
"inep encceja 2026",4,"Breakout"
"já saiu o resultado do encceja 2025",0,"Breakout"
"quando sai o local da prova do encceja 2026",0,"Breakout"
"pagina do participante encceja 2026",2,"Breakout"
"resultado do encceja 2026",2,"Breakout"
"encceja 2026",100,"Breakout"
"quando sai o resultado do encceja 2026",1,"Breakout"
"encceja 2026 pagina do participante",2,"Breakout"
"encceja 2026 inscrição gratuito",1,"4.500%"
"prova do encceja 2026",12,"4.250%"
"prova encceja 2026",21,"3.950%"
"encceja inscrição 2026",20,"3.350%"
"provas encceja 2026",2,"3.300%"
"encceja 2026 inscrição",20,"3.200%"
"enem 2026",2,"3.150%"
"inscrição encceja 2026",20,"3.150%"
"encceja 2026 inscrições",7,"2.850%"
"inscrições encceja 2026",7,"2.750%"
"inscrição do encceja 2026",5,"2.750%"
"quando é a prova do encceja 2026",1,"2.700%"
"data do encceja 2026",2,"2.550%"
"quando vai ser a prova do encceja 2026",0,"2.300%"
"enceja 2026",4,"2.100%"
"como se inscrever no encceja 2026",0,"1.950%"
"inscrição enem 2026",1,"1.950%"
"eja 2026",2,"1.850%"
"inscrição para encceja 2026",3,"1.750%"
"inscrições do encceja 2026",2,"1.600%"
"data prova encceja 2026",2,"1.550%"
"data encceja 2026",5,"1.400%"