Top consultas,Cliques,Impressões,CTR,Posição
aula particular de matematica,0,9,0%,11.22
reforço escolar matemática,0,6,0%,53
reforço de matemática,0,6,0%,56.83
aula particular matematica bh,0,3,0%,39.67
aulas de reforço de matematica,0,2,0%,3.5
aulas particulares de matematica,0,2,0%,11.5
professora matematica particular,0,2,0%,11.5
reforço de matematica,0,2,0%,45.5
reforço escolar de matemática,0,2,0%,59
aulas de reforço matematica,0,1,0%,5
recuperação de matemática,0,1,0%,9
aula de matemática particular,0,1,0%,11
aula particular de matemática,0,1,0%,11
professor particular de matemática bh,0,1,0%,11
aula reforço matematica,0,1,0%,12
professora de matemática particular,0,1,0%,12
aula de reforço de matematica,0,1,0%,54
reforço matematica,0,1,0%,59