Páginas principais,Impressões
https://aulasdematematicabh.com.br/blog/matematica-cefet-mg-prova-o-que-estudar,55
https://aulasdematematicabh.com.br/blog/matematica-coltec-ufmg-como-preparar,26
https://aulasdematematicabh.com.br/blog/quanto-custa-aula-particular-matematica,24
https://aulasdematematicabh.com.br/blog/calculo-1-ufmg-puc-minas-por-que-reprova,16
https://aulasdematematicabh.com.br/blog/recuperacao-de-matematica-fim-do-ano,11
https://aulasdematematicabh.com.br/professor-particular-de-matematica,10
https://aulasdematematicabh.com.br/blog/lacunas-de-matematica-do-fundamental,7
https://aulasdematematicabh.com.br/,5
https://aulasdematematicabh.com.br/blog/matematica-colegio-militar-bh-exame-intelectual,5
https://aulasdematematicabh.com.br/aulas-particulares-matematica-bh,2
https://aulasdematematicabh.com.br/blog/como-escolher-professor-particular-matematica,2
https://aulasdematematicabh.com.br/aulas-particulares-ensino-superior,1
https://aulasdematematicabh.com.br/blog/matematica-enem-conteudos-que-mais-caem,1
https://aulasdematematicabh.com.br/contato,1
https://aulasdematematicabh.com.br/reforco-escolar-matematica,1
https://aulasdematematicabh.com.br/sobre,1