Data,Cliques,Impressões,CTR,Posição
2026-09-03,0,0,,
2026-09-04,0,0,,
2026-09-05,0,0,,
2026-09-06,0,3,0%,8.7
2026-09-07,0,1,0%,9
2026-09-08,0,1,0%,6
2026-09-09,0,0,,
2026-09-10,0,0,,
2026-09-11,0,0,,
2026-09-12,0,0,,
2026-09-13,0,7,0%,8.1
2026-09-14,0,16,0%,8
2026-09-15,0,6,0%,6.7
2026-09-16,0,9,0%,7.6
2026-09-17,0,17,0%,9
2026-09-18,0,21,0%,9.8
2026-09-19,0,11,0%,7.4
2026-09-20,0,18,0%,7.6
2026-09-21,0,73,0%,6.2
2026-09-22,1,61,1.64%,6.1
2026-09-23,2,66,3.03%,5.8
2026-09-24,0,54,0%,5.7
2026-09-25,2,35,5.71%,5.3
2026-09-26,0,27,0%,6.1
2026-09-27,1,29,3.45%,9.5
2026-09-28,0,56,0%,6.7
2026-09-29,2,60,3.33%,6.5
2026-09-30,1,62,1.61%,5.5
2026-10-01,0,58,0%,6
2026-10-02,1,32,3.12%,7.5
2026-10-03,2,37,5.41%,5.4
2026-10-04,0,25,0%,7.2
2026-10-05,1,55,1.82%,6.7
2026-10-06,0,64,0%,6.9