"URL","Source","Enviado"
"https://aulasdematematicabh.com.br/","none","09/23/2026T10:56:00-07:00"
"https://aulasdematematicabh.com.br/aula-particular-de-calculo-1","none","09/23/2026T10:56:00-07:00"
"https://aulasdematematicabh.com.br/aula-particular-de-calculo-2","none","09/23/2026T10:56:00-07:00"
"https://aulasdematematicabh.com.br/aula-particular-de-calculo-3","none","09/23/2026T10:56:00-07:00"
"https://aulasdematematicabh.com.br/aula-particular-de-estatistica-e-probabilidade","none","09/23/2026T10:56:00-07:00"
"https://aulasdematematicabh.com.br/aula-particular-de-geometria-analitica-e-algebra-linear","none","09/23/2026T10:56:00-07:00"
"https://aulasdematematicabh.com.br/aula-particular-de-pre-calculo","none","09/23/2026T10:56:00-07:00"
"https://aulasdematematicabh.com.br/aulas-de-matematica-online","none","09/23/2026T10:56:00-07:00"
"https://aulasdematematicabh.com.br/aulas-particulares-ensino-superior","none","09/23/2026T10:56:00-07:00"
"https://aulasdematematicabh.com.br/aulas-particulares-matematica-bh","none","09/23/2026T10:56:00-07:00"
"https://aulasdematematicabh.com.br/blog","none","09/23/2026T10:56:00-07:00"
"https://aulasdematematicabh.com.br/blog/atividades-de-matematica-para-praticar-em-casa","none","09/23/2026T10:56:00-07:00"
"https://aulasdematematicabh.com.br/blog/aula-de-matematica-online-funciona","none","09/23/2026T10:56:00-07:00"
"https://aulasdematematicabh.com.br/blog/calculo-1-ufmg-puc-minas-por-que-reprova","none","09/23/2026T10:56:00-07:00"
"https://aulasdematematicabh.com.br/blog/como-ajudar-filho-matematica","none","09/23/2026T10:56:00-07:00"
"https://aulasdematematicabh.com.br/blog/como-escolher-professor-particular-matematica","none","09/23/2026T10:56:00-07:00"
"https://aulasdematematicabh.com.br/blog/como-estudar-matematica-enem","none","09/23/2026T10:56:00-07:00"
"https://aulasdematematicabh.com.br/blog/como-estudar-matematica-sozinho","none","09/23/2026T10:56:00-07:00"
"https://aulasdematematicabh.com.br/blog/lacunas-de-matematica-do-fundamental","none","09/23/2026T10:56:00-07:00"
"https://aulasdematematicabh.com.br/blog/matematica-cefet-mg-prova-o-que-estudar","none","09/23/2026T10:56:00-07:00"
"https://aulasdematematicabh.com.br/blog/matematica-colegio-militar-bh-exame-intelectual","none","09/23/2026T10:56:00-07:00"
"https://aulasdematematicabh.com.br/blog/matematica-coltec-ufmg-como-preparar","none","09/23/2026T10:56:00-07:00"
"https://aulasdematematicabh.com.br/blog/matematica-enem-conteudos-que-mais-caem","none","09/23/2026T10:56:00-07:00"
"https://aulasdematematicabh.com.br/blog/meu-filho-nao-aprende-matematica","none","09/23/2026T10:56:00-07:00"
"https://aulasdematematicabh.com.br/blog/por-que-matematica-parece-dificil","none","09/23/2026T10:56:00-07:00"
"https://aulasdematematicabh.com.br/blog/quanto-custa-aula-particular-matematica","none","09/23/2026T10:56:00-07:00"
"https://aulasdematematicabh.com.br/blog/recuperacao-de-matematica-fim-do-ano","none","09/23/2026T10:56:00-07:00"
"https://aulasdematematicabh.com.br/blog/sinais-aluno-precisa-reforco-matematica","none","09/23/2026T10:56:00-07:00"
"https://aulasdematematicabh.com.br/contato","none","09/23/2026T10:56:00-07:00"
"https://aulasdematematicabh.com.br/enem-matematica","none","09/23/2026T10:56:00-07:00"
"https://aulasdematematicabh.com.br/professor-particular-de-matematica","none","09/23/2026T10:56:00-07:00"
"https://aulasdematematicabh.com.br/reforco-escolar-matematica","none","09/23/2026T10:56:00-07:00"
"https://aulasdematematicabh.com.br/sobre","none","09/23/2026T10:56:00-07:00"
