consulta,nome,nota,avaliacoes,categoria,endereco,telefone,site,aulas_online,patrocinado
professor particular de matemática,Bruno Professor BH,"5,0",41,Aulas particulares,"Rua Luiz Signorelli, 106",(31) 98800-8430,sim,,sim
professor particular de matemática,Liberta Pré-vestibular,"5,0",164,Centro educacional,"Rua dos Guajajaras, 410",(31) 98469-3131,sim,,sim
professor particular de matemática,Bruna M. - Professora Particular de Matemática + EDUCAMENT,"5,0",51,Aulas particulares,Av. Francisco Sales,(31) 99073-4171,sim,,
professor particular de matemática,Matemática - Aula Particular,"5,0",23,Aulas particulares,"R. Viriato Mascarenhas, 36",,não,,
professor particular de matemática,Aprender em Casa - Aula Particular e Reforço Escolar,"4,9",149,Aulas particulares,"R. Grão Mogol, 320 - Sl 504",(31) 99235-6882,sim,,
professor particular de matemática,Educament Núcleo Educacional - Grupo de Estudos ENEM BH e Professores Particulares em BH,"5,0",219,Aulas particulares,"Rua Dona Maria Inês, 203",(31) 99073-4171,sim,,
professor particular de matemática,KOGNO Cidade Jardim – Aula Particular/Reforço Escolar/Matemática/Português,"5,0",2,Aulas particulares,"Av. Arthur Bernardes, 196 - Lj 20",(31) 99637-2929,sim,sim,
professor particular de matemática,Aula Particular com o Xitão,"5,0",11,Aulas particulares,R. da Bahia,(31) 97168-7414,sim,,
professor particular de matemática,LUMA - ensino individualizado (BH),"5,0",28,Aulas particulares,"Av. Pres. Antônio Carlos, 681",(31) 99662-0055,não,sim,
professor particular de matemática,Alfredo Matemática,"5,0",8,Aulas particulares,"Rua dos Goitacazes, 375 - 702",(31) 99824-0553,sim,,
professor particular de matemática,Acompanhamento Escolar Foco no Saber,"5,0",20,Aulas particulares,"R. São Gonçalo, 1189",(31) 99379-3410,não,,
professor particular de matemática,Matemática na real - Prof Rafael,"5,0",21,Escola de Matemática,"R. Tomé de Souza, 810 - 9 andar",(31) 97342-0059,sim,,
professor particular de matemática,Escola de Reforço Miriam Mello,"5,0",57,Aulas particulares,"R. Conselheiro Lafaiete, 544",(31) 98494-7744,sim,,
professor particular de matemática,ONE PI Aulas particulares,"4,8",32,Centro Educacional,"R. Campos Gerais, 60 - Lj 23",(31) 97191-9204,sim,,
professor particular de matemática,Sabermais,"4,6",33,Aulas particulares,"R. Califórnia, 473",(31) 98511-2509,sim,,
professor particular de matemática,Núcleo de Estudos Fernanda Queiroz,"5,0",47,Aulas particulares,"R. Viçosa, 43 - 803",(31) 99618-5666,sim,,
professor particular de matemática,Estude Bem - Escola de reforço,"5,0",55,Escola preparatória,"R. Júlio Pereira da Silva, 55 - Lj 203",(31) 99899-2826,não,,
professor particular de matemática,LAURA MILANEZ - Aulas Particulares - Física e Matemática,"5,0",87,Aulas particulares,(sem endereço),(31) 99863-5127,sim,,
professor particular de matemática,Ensina Mais Turma Da Mônica BH,"5,0",1,Centro educacional,"R. Padre Eustáquio, 2890",(31) 2514-5392,sim,,
professor particular de matemática,Oficina de Alunos,"5,0",24,Aulas particulares,"R. Tuiuti, 1042",(31) 99611-1042,não,,
professor particular de matemática,Núcleo de Ensino Beatriz Lobato,"5,0",6,Aulas particulares,"R. Martim de Carvalho, 506",(31) 99676-1422,sim,,
professor particular de matemática,Paralelo - Aulas Particulares de Matemática,"5,0",18,Aulas particulares,(sem endereço),(31) 99188-6955,não,,
professor particular de matemática,Aula Particular,,0,Centro Educacional,"Rua Luiza Carvalho Torres, 40",,sim,sim,
professor particular de matemática,Aula Particular Online | Matemática e Inglês | Professor Henrique,"5,0",49,Aulas particulares,(sem endereço),(31) 98403-4088,sim,,
professor particular de matemática,Universo Narrado,"5,0",4714,Centro Educacional,"Rua Progresso, 453 - Sl 07",(31) 98119-4065,sim,,
professor particular de matemática,Kumon BH - Betania,"4,9",70,Centro educacional,"R. Úrsula Paulino, 397 - Loja 05 e 06",(31) 3586-4484,sim,,
professor particular de matemática,"Aulas Particulares de Matemática, Física, Química e IB math","5,0",15,Aulas particulares,(sem endereço),(31) 99199-8995,sim,,
professor particular de matemática,Aula Particular de Matemática on-line - Núcleo Matemática,"5,0",2,Aulas particulares,(sem endereço),(31) 98858-1114,não,,
professor particular de matemática,Aula particular Débora Sodré Cálculo,"5,0",69,Aulas particulares,(sem endereço),(31) 98684-0898,sim,,
aula de matemática,Matemática - Aula Particular,"5,0",23,Aulas particulares,"R. Viriato Mascarenhas, 36",,não,,
aula de matemática,Reforço Escolar de Matemática - Cida Lage,"5,0",49,Aulas particulares,"Rua Dom João Antônio dos Santos, 150 - Sl 106",(31) 98861-5483,não,,
aula de matemática,Bruna M. - Professora Particular de Matemática + EDUCAMENT,"5,0",51,Aulas particulares,Av. Francisco Sales,(31) 99073-4171,sim,,
aula de matemática,"FÍSICA, QUÍMICA E MATEMÁTICA - AULAS PARTICULARES - PROFESSOR LUCAS GROENNER","5,0",48,Aulas particulares,"Rua Ignácio Alves Martins, 191",(31) 98648-7771,sim,,
aula de matemática,TOKEN MÉTODO - Aulas de Matemática em BH + que aula PARTICULAR de matemática,"5,0",50,Escola de Matemática,"R. Ceará, 741 - Sl 102",(31) 99248-9623,sim,,
aula de matemática,Wagner Chebile | Professor Particular de Matemática - BH,"5,0",55,Tutor particular,"Av. Professor Mário Werneck, 2824",(31) 99784-1446,sim,,
aula de matemática,Alfredo Matemática,"5,0",8,Aulas particulares,"Rua dos Goitacazes, 375 - 702",(31) 99824-0553,sim,,
aula de matemática,Bruno Professor BH,"5,0",41,Aulas particulares,"Rua Luiz Signorelli, 106",(31) 98800-8430,sim,,
aula de matemática,Aula Particular de Matemática e Acompanhamento Escolar,,0,Aulas particulares,"Av. Francisco Sales, 20",(31) 99139-9257,não,,
aula de matemática,"Ana Clara Barcelos - Aula Particular de Física, Matemática e Cálculo",,0,Ensino médio,R. Conceição do Mato Dentro,(31) 99899-1337,não,,
aula de matemática,KOGNO Cidade Jardim – Aula Particular/Reforço Escolar/Matemática/Português,"5,0",2,Aulas particulares,"Av. Arthur Bernardes, 196 - Lj 20",(31) 99637-2929,sim,sim,
aula de matemática,Matemática na real - Prof Rafael,"5,0",21,Escola de Matemática,"R. Tomé de Souza, 810 - 9 andar",(31) 97342-0059,sim,,
aula de matemática,Samantha aulas particulares | Aulas particulares de matemática,"5,0",57,Aulas particulares,R. Agenor Goulart Filho,(31) 99534-9761,sim,,
aula de matemática,Reforço Escolar Matemática e Física | Prof. Lucas,"5,0",23,Aulas particulares,"Rua Colonita, 163",(31) 99152-5548,sim,,
aula de matemática,Educament Núcleo Educacional - Grupo de Estudos ENEM BH e Professores Particulares em BH,"5,0",219,Centro de estudos,"Rua Dona Maria Inês, 203",(31) 99073-4171,sim,,
aula de matemática,Aprender em Casa - Aula Particular e Reforço Escolar,"4,9",149,Aulas particulares,"R. Grão Mogol, 320 - Sl 504",(31) 99235-6882,sim,,
aula de matemática,Mestres da Matemática agora é Mestres Aprova,,0,Escola particular,"Rua dos Guajajaras, 627",(31) 98468-7650,sim,,
aula de matemática,Aula Particular com o Xitão,"5,0",11,Aulas particulares,R. da Bahia,(31) 97168-7414,sim,,
aula de matemática,TOKEN MÉTODO unidade Savassi,"5,0",12,Escola de Matemática,"R. Pernambuco, 1070 - Loja 206",(31) 99248-9623,sim,,
aula de matemática,Eduardo Borges Matemática,"5,0",32,Aulas particulares,"R. Alagoas, 1460 - Sala 505",(31) 99892-8229,sim,,
aula de matemática,1000tinho Ensinando e Aprendendo Matemática e Português,"5,0",93,Centro Educacional,"Rua das Canoas, 968",(31) 98348-8244,sim,,
aula de matemática,Cursinho BH Dois Pontos | Redação e Matemática,"4,9",33,Escola preparatória,"R. Rio de Janeiro, 1584",(31) 98402-6266,sim,,
aula de matemática,"Professor Fabio (Matemática, Física e Química)",,0,Aulas particulares,"R. Parajú, 1810 - ap. 204",(31) 99302-8529,sim,sim,
aula de matemática,LUMA - ensino individualizado (BH),"5,0",28,Aulas particulares,"Av. Pres. Antônio Carlos, 681",(31) 99662-0055,não,sim,
aula de matemática,Kumon BH - Padre Eustaquio,"4,9",61,Escola de inglês,"R. Curral Del Rei, 219",(31) 99665-0213,sim,,
aula de matemática,Lyon e a Matemática (professor),"5,0",34,Educação a domicílio,"Rua Cura D'Ars, 675",(31) 98713-1809,sim,,
aula de matemática,Kumon BH - Belvedere,"5,0",205,Centro educacional,"Estr. p/ Nova Lima, 345",(31) 3019-6789,sim,,
aula de matemática,Curso de Exatas,"5,0",14,Aulas particulares,"Rua dos Timbiras, 1940",(31) 98649-7322,não,,
aula de matemática,Kumon BH - Anchieta,"4,8",21,Centro educacional,"Rua Vitório Marçola, 780 - Lj 7",(31) 97401-0928,sim,,
aula de matemática,NEO - Núcleo de Estudos Orientados,"4,7",13,Aulas particulares,"Av. Professor Mário Werneck, 2132",(31) 99891-3522,não,sim,
aula de matemática,Na Salinha - Preparatório e Acompanhamento Escolar,"5,0",2,Escola preparatória,"R. Rio Grande do Norte, 1164 - Sl 7",(31) 98303-5963,sim,,
aula de matemática,Kumon BH - Ouro Preto - Monteiro Lobato,"5,0",27,Centro educacional,"R. Monteiro Lobato, 187 - Sl 02",(31) 99564-2292,sim,,
aula de matemática,Kumon BH - Silveira,"4,9",20,Centro educacional,"R. Ilacir Pereira Lima, 96 - Lj 02",(31) 3468-4048,sim,,
aula de matemática,Kumon BH - Fernao Dias/Mg,"5,0",7,Centro educacional,"Rua Doresópolis, 985",(31) 3486-5772,sim,,
aula de matemática,Estude Bem - Escola de reforço,"5,0",55,Escola preparatória,"R. Júlio Pereira da Silva, 55 - Lj 203",(31) 99899-2826,não,,
aula de matemática,Kumon BH - Nova Suiça/Mg,"5,0",7,Centro educacional,"R. Lindolfo de Azevedo, 720",(31) 98867-2413,sim,,
aula de matemática,Ensina Mais Turma Da Mônica BH,"5,0",1,Centro educacional,"R. Padre Eustáquio, 2890",(31) 2514-5392,sim,,
aula de matemática,Sabermais,"4,6",33,Centro Educacional,"R. Califórnia, 473",(31) 98511-2509,sim,,
aula de matemática,Kumon BH - São Luiz,"5,0",16,Centro educacional,"Av. Cel. José Dias Bicalho, 355 - Lj 03",(31) 99660-7378,sim,,
aula de matemática,Kumon BH - Betania,"4,9",70,Centro educacional,"R. Úrsula Paulino, 397 - Loja 05 e 06",(31) 3586-4484,sim,,
aula de matemática,Núcleo de Estudos Fernanda Queiroz,"5,0",47,Aulas particulares,"R. Viçosa, 43 - 803",(31) 99618-5666,sim,,
aula de matemática,ONE PI Aulas particulares,"4,8",32,Centro Educacional,"R. Campos Gerais, 60 - Lj 23",(31) 97191-9204,sim,,
aula de matemática,Kumon Palmares,"5,0",25,Centro educacional,"R. José Cleto, 271",(31) 99077-6590,sim,,
aula de matemática,Kumon BH-São Pedro-Rua Viçosa,"5,0",72,Centro educacional,"R. Viçosa, 468",(31) 98279-8666,sim,,
aula de matemática,Escola de Reforço Miriam Mello,"5,0",57,Aulas particulares,"R. Conselheiro Lafaiete, 544",(31) 98494-7744,sim,,
aula de matemática,KOGNO Origem Ouro Preto - Aula Particular On-line/Reforço Escolar On-line/Curso Preparatório On-line,"4,4",10,Aulas particulares,"R. Manoel Elias de Aguiar, 22 - Lj 12",(31) 98345-4318,sim,sim,
aula de matemática,Kumon BH - Renascença,"5,0",152,Centro educacional,"R. Jacuí, 2909",(31) 2523-0239,sim,,
aula de matemática,Aprimorar - Núcleo de Estudos,"4,1",7,Aulas particulares,"R. Horta Barbosa, 987",(31) 2555-9616,sim,sim,
aula de matemática,Acompanhamento Escolar Foco no Saber,"5,0",20,Aulas particulares,"R. São Gonçalo, 1189",(31) 99379-3410,não,,
aula de matemática,Aula particular reforço escolar acompanhamento para casa prova português inglês professora artes pintura aquarela desenho,"4,9",29,Aulas particulares,"R. Mariano Procópio, 698 - Sl 104",(31) 99441-1164,não,,
aula de matemática,Universo Narrado,"5,0",4714,Centro Educacional,"Rua Progresso, 453 - Sl 07",(31) 98119-4065,sim,,
aula de matemática,LAURA MILANEZ - Aulas Particulares - Física e Matemática,"5,0",87,Aulas particulares,(sem endereço),(31) 99863-5127,sim,,
aula de matemática,Núcleo de Ensino Beatriz Lobato,"5,0",6,Aulas particulares,"R. Martim de Carvalho, 506",(31) 99676-1422,sim,,
aula de matemática,Paralelo - Aulas Particulares de Matemática,"5,0",18,Aulas particulares,(sem endereço),(31) 99188-6955,não,,
aula de matemática,Estudar - Acompanhamento Educacional,,0,Aulas particulares,"R. Cristina, 1366",(31) 98226-7119,sim,sim,
aula de matemática,Aula Particular,,0,Centro Educacional,"Rua Luiza Carvalho Torres, 40",,sim,sim,
aula de matemática,Oficina de Alunos,"5,0",24,Aulas particulares,"R. Tuiuti, 1042",(31) 99611-1042,não,,
aula de matemática,Aula Particular Hanna,"3,8",6,Aulas particulares,"R. Claudionor Martins da Cunha, 176",(31) 99923-1512,sim,sim,
aula de matemática,Aula Particular de Matemática on-line - Núcleo Matemática,"5,0",2,Aulas particulares,(sem endereço),(31) 98858-1114,não,,
aula de matemática,"Aulas Particulares de Matemática, Física, Química e IB math","5,0",15,Aulas particulares,(sem endereço),(31) 99199-8995,sim,,
aula de matemática,Aula Particular Online | Matemática e Inglês | Professor Henrique,"5,0",49,Aulas particulares,(sem endereço),(31) 98403-4088,sim,,
aula de matemática,Raniere Matemática,"5,0",20,Aulas particulares,(sem endereço),(31) 99191-3439,sim,,
aula de matemática,ACOMPANHARE - Espaço Interdisciplinar,"5,0",26,Clínica de psicopedagogia,"R. Glaura, 406",(31) 98628-8799,não,,
aula de matemática,Semear- Espaço Interagir,"5,0",6,Aulas particulares,"Av. Professor Mário Werneck, 1480 - Lj 218",,não,,
aula de matemática,Aula particular Débora Sodré Cálculo,"5,0",69,Aulas particulares,(sem endereço),(31) 98684-0898,sim,,
aula de matemática,Tetê Damázio - Curso Preparatório para Concursos - BH - PMMG,"4,8",166,Escola preparatória,"Rua dos Guajajaras, 1580 - Sl 401",(31) 99670-6058,sim,,
aula de matemática,Instituto de Ciências Exatas (ICEx UFMG),"4,6",367,Departamento acadêmico,"Av. Pres. Antônio Carlos, 6627",(31) 3409-5810,sim,,
aula de matemática,INGLÊS DE VERDADE,,0,Escola de idiomas,Av. Álvares Cabral,,sim,sim,
aula de matemática,Professor de Engenharia,,0,Educação superior,Atendimento em todo Brasil Online,(31) 99620-2673,sim,,
aula de matemática,Escola Batista de Idiomas,"5,0",23,Escola de idiomas,"R. Plombagina, 318",(31) 3429-7295,sim,,
aula de matemática,Exatas Class,"5,0",20,Aulas particulares,(sem endereço),(31) 98944-7423,não,,
aula de matemática,Reforço Escolar em Bh - Monitorias unid Savassi,"4,9",15,Centro educacional,(sem endereço),(31) 99805-4085,sim,,
aula de matemática,Escola de Formação,"4,4",13,Instituição educacional,"Av. Amazonas, 5855",(31) 3379-8289,sim,,
aula de matemática,Matemática Online,"4,9",78,Instituição educacional,(sem endereço),(31) 99734-5217,sim,,
aula de matemática,SOMA Pré-Enem e Vestibulares,"4,2",135,Escola preparatória,"Rua dos Guajajaras, 591",(31) 98574-0990,sim,,
aula de matemática,Centro Cultural Daniela Rosa,"4,9",174,Escola de idiomas,"R. Padre Odorico, 180",(31) 98840-1880,sim,,
aula de matemática,Curso Evidente - BH,,0,Escola de ensino médio,"Rua dos Guajajaras, 755 - 10º andar",(31) 2555-7525,sim,sim,
aula de matemática,Escola Batista de Música,"4,3",9,Escola de Música,"R. Pte. Nova, 709",(31) 3429-7200,sim,,
aula de matemática,Professora Isabel - Matemática,"5,0",4,Escola de Matemática,(sem endereço),(31) 98207-1209,sim,,
aula de matemática,Chromos Pré Centro - Enem e Cefet/Coltec,"4,5",157,Escola preparatória,"R. da Bahia, 1200",(31) 3213-7070,sim,,
aula de matemática,Unibe Belo Horizonte - Preparatório Militar,"4,7",916,Escola preparatória,"R. São Paulo, 387 - And 2 e 3",(31) 3656-2534,sim,,
aula de matemática,Liberta Pré-vestibular,"5,0",164,Centro educacional,"Rua dos Guajajaras, 410 - 6º andar",(31) 98469-3131,sim,,
aula de matemática,Aula Particular de Matemática Barbara Rugno,,0,Aulas particulares,(sem endereço),(31) 99396-8230,não,,
reforço escolar matemática,Reforço Escolar de Matemática - Cida Lage,"5,0",49,Aulas particulares,"Rua Dom João Antônio dos Santos, 150 - Sl 106",(31) 98861-5483,não,,
reforço escolar matemática,Aprender em Casa - Aula Particular e Reforço Escolar,"4,9",149,Aulas particulares,"R. Grão Mogol, 320 - Sl 504",(31) 99235-6882,sim,,
reforço escolar matemática,Reforço Escolar Cubo Mágico (Santa Maria/Camargos/Califórnia),"5,0",15,Aulas particulares,"R. Maria, 200",(31) 99879-8453,sim,,
reforço escolar matemática,1000tinho Ensinando e Aprendendo Matemática e Português,"5,0",93,Centro Educacional,"Rua das Canoas, 968",(31) 98348-8244,sim,,
reforço escolar matemática,Bruno Professor BH,"5,0",41,Aulas particulares,"Rua Luiz Signorelli, 106",(31) 98800-8430,sim,,
reforço escolar matemática,APOIO ESCOLAR DA CA | Reforço escolar | Eldorado/Contagem,"5,0",88,Aulas particulares,"R. Acácias, 270",(31) 97137-5710,sim,,
reforço escolar matemática,N.E.R.D - Núcleo de Estudos e Reforço Didático,"4,9",51,Aulas particulares,"R. Felisberta Francisca de Carvalho, 659",(31) 2567-6912,não,,
reforço escolar matemática,Estude Bem - Escola de reforço,"5,0",55,Escola preparatória,"R. Júlio Pereira da Silva, 55 - Lj 203",(31) 99899-2826,não,,
reforço escolar matemática,Acompanhamento e Reforço Escolar em Domicílio com a Professora Marina Matos,"5,0",20,Aulas particulares,"R. Nilton Baldo, 280 - Sl 2",(31) 98704-0268,sim,,
reforço escolar matemática,KOGNO Cidade Jardim,"5,0",2,Aulas particulares,"Av. Arthur Bernardes, 196 - Lj 20",(31) 99637-2929,sim,sim,
reforço escolar matemática,Reforço Escolar Matemática e Física | Prof. Lucas,"5,0",23,Aulas particulares,"Rua Colonita, 163",(31) 99152-5548,sim,,
reforço escolar matemática,Bruna M. - Professora Particular de Matemática + EDUCAMENT,"5,0",51,Aulas particulares,Av. Francisco Sales,(31) 99073-4171,sim,,
reforço escolar matemática,Wagner Chebile | Professor Particular de Matemática - BH,"5,0",55,Tutor particular,"Av. Professor Mário Werneck, 2824",(31) 99784-1446,sim,,
reforço escolar matemática,Matemática - Aula Particular,"5,0",23,Aulas particulares,"R. Viriato Mascarenhas, 36",,não,,
reforço escolar matemática,KOGNO Origem Ouro Preto,"4,4",10,Aulas particulares,"R. Manoel Elias de Aguiar, 22 - Lj 12",(31) 98345-4318,sim,sim,
reforço escolar matemática,"FÍSICA, QUÍMICA E MATEMÁTICA - PROFESSOR LUCAS GROENNER","5,0",48,Aulas particulares,"Rua Ignácio Alves Martins, 191",(31) 98648-7771,sim,sim,
reforço escolar matemática,Aula Particular de Matemática e Acompanhamento Escolar,,0,Aulas particulares,"Av. Francisco Sales, 20",(31) 99139-9257,não,,
reforço escolar matemática,Núcleo de Estudos Fernanda Queiroz,"5,0",47,Aulas particulares,"R. Viçosa, 43 - 803",(31) 99618-5666,sim,,
reforço escolar matemática,Camargos Aulas Particulares,"5,0",20,Aulas particulares,"R. Dr. Wilsom Getúlio, 290",(31) 99205-3944,não,,
reforço escolar matemática,Centro Pedagógico Multi Meios,"4,9",10,Aulas particulares,"R. Pouso Alegre, 2060 - Lj 24",(31) 3463-6877,sim,,
reforço escolar matemática,Aula Particular Em Casa APC,"5,0",44,Agência de comércio eletrônico,"R. Nogueira da Gama, 850",(31) 98295-1001,sim,,
reforço escolar matemática,Escola de Reforço Miriam Mello,"5,0",57,Aulas particulares,"R. Conselheiro Lafaiete, 544",(31) 98494-7744,sim,,
reforço escolar matemática,Espaço Completar Alecrins / Reforço Escolar Castelo,"4,5",42,Aulas particulares,"Rua Romualdo Lopes Cançado, 39",(31) 99343-1178,sim,,
reforço escolar matemática,ELLO - Aula Particular e Reforço Escolar - Em casa (BH) e Online,"4,8",16,Aulas particulares,"R. Grão Mogol, 333 - Sl 33",(31) 2510-0035,sim,sim,
reforço escolar matemática,Acompanhamento Escolar Foco no Saber,"5,0",20,Aulas particulares,"R. São Gonçalo, 1189",(31) 99379-3410,não,,
reforço escolar matemática,Aula particular reforço escolar acompanhamento (artes/português/inglês),"4,9",29,Aulas particulares,"R. Mariano Procópio, 698 - Sl 104",(31) 99441-1164,não,,
reforço escolar matemática,Tutores Belo Horizonte Palmares Reforço Escolar,"5,0",6,Aulas particulares,"Av. Bernardo de Vasconcelos, 2040",(31) 98940-1968,não,,
reforço escolar matemática,Sabermais,"4,6",33,Centro Educacional,"R. Califórnia, 473",(31) 98511-2509,sim,,
reforço escolar matemática,Aulas Particulares (R. Sete),"5,0",40,Aulas particulares,"R. Sete, 14",(31) 99475-2374,sim,,
reforço escolar matemática,NEO - Núcleo de Estudos Orientados,"4,7",13,Aulas particulares,"Av. Professor Mário Werneck, 2132",(31) 99891-3522,não,sim,
reforço escolar matemática,Vértice - Aula Particular e Reforço Escolar,"4,8",26,Aulas particulares,"Alameda do Ingá, 520",(31) 99234-1202,sim,,
reforço escolar matemática,Matemática na real - Prof Rafael,"5,0",21,Escola de Matemática,"R. Tomé de Souza, 810 - 9 andar",(31) 97342-0059,sim,,
reforço escolar matemática,Educament Núcleo Educacional,"5,0",219,Centro de estudos,"Rua Dona Maria Inês, 203",(31) 99073-4171,sim,,
reforço escolar matemática,Reforço Escolar Camargos,"5,0",5,Programa após o horário escolar,"R. das Pérolas, 140 - 904T1",(31) 99461-2316,sim,,
reforço escolar matemática,Naipe BH - Reforço Escolar,"5,0",3,Aulas particulares,"R. Turquesa, 1356",(31) 98726-3000,sim,,
reforço escolar matemática,NEP - Núcleo de Estudos Personalizados,"5,0",24,Escola de Matemática,"R. José Olinto Fontes, 1496 - Lj",(31) 99314-5399,não,,
reforço escolar matemática,TOKEN MÉTODO - R. Ceará,"5,0",50,Escola de Matemática,"R. Ceará, 741 - Sl 102",(31) 99248-9623,sim,,
reforço escolar matemática,Aulas Particulares (Av. Serrana),"5,0",3,Aulas particulares,"Av. Serrana, 647 - Sl 6",(31) 99791-9424,não,,
reforço escolar matemática,Lyon e a Matemática (professor),"5,0",34,Educação a domicílio,"Rua Cura D'Ars, 675",(31) 98713-1809,sim,,
reforço escolar matemática,Na Salinha - Preparatório e Acompanhamento Escolar,"5,0",2,Escola preparatória,"R. Rio Grande do Norte, 1164 - Sl 7",(31) 98303-5963,sim,,
reforço escolar matemática,Instituto Dialogare - Acompanhamento e reforço escolar,"4,2",5,Aulas particulares,"Av. do Contorno, 6283 - Loja 8",(31) 4141-2575,sim,sim,
reforço escolar matemática,Ensina Mais Turma Da Mônica BH,"5,0",1,Centro educacional,"R. Padre Eustáquio, 2890",(31) 2514-5392,sim,,
reforço escolar matemática,Aulas Particulares de Matemática e Reforço Escolar,"5,0",7,Aulas particulares,(sem endereço),(31) 98838-1563,não,,
reforço escolar matemática,Saber Curioso,"5,0",13,Aulas particulares,"R. Gonçalves Dias, 1181 - sl. 1006",(31) 99828-4180,sim,,
reforço escolar matemática,Aprimorar - Núcleo de Estudos,"4,1",7,Aulas particulares,"R. Horta Barbosa, 987",(31) 2555-9616,sim,sim,
reforço escolar matemática,Coração de criança - Acompanhamento escolar,"5,0",28,Aulas particulares,"R. Sen. Milton Campos, 1067",(31) 99459-5288,sim,,
reforço escolar matemática,xequemat enem,"5,0",54,Escola preparatória,"Rua Elson Nunes de Souza, 28",(31) 2181-1174,sim,,
reforço escolar matemática,Aulas particulares de matemática - Gabriel Duque,"5,0",10,Centro educacional,"R. Resedá, 109",(35) 98418-0364,sim,,
reforço escolar matemática,Espaço Educação,,0,Aulas particulares,"R. Araripe, 10",(31) 97131-7575,sim,,
reforço escolar matemática,ONE PI Aulas particulares,"4,8",32,Centro Educacional,"R. Campos Gerais, 60 - Lj 23",(31) 97191-9204,sim,,
reforço escolar matemática,Kumon Sagrada Familia,"4,8",55,Centro Educacional,"R. Conselheiro Lafaiete, 849",(31) 3467-2774,sim,,
reforço escolar matemática,Professor Particular de Matemática (R. Aziz Abdi),,0,Ensino Fundamental,"R. Aziz Abdi, 11",(31) 98705-4979,não,,
reforço escolar matemática,Oficina de Alunos,"5,0",24,Aulas particulares,"R. Tuiuti, 1042",(31) 99611-1042,não,,
reforço escolar matemática,ACOMPANHARE - Espaço Interdisciplinar,"5,0",26,Clínica de psicopedagogia,"R. Glaura, 406",(31) 98628-8799,não,,
reforço escolar matemática,Estudar - Acompanhamento Educacional,,0,Aulas particulares,"R. Cristina, 1366",(31) 98226-7119,sim,sim,
reforço escolar matemática,LAURA MILANEZ - Aulas Particulares - Física e Matemática,"5,0",87,Aulas particulares,(sem endereço),(31) 99863-5127,sim,,
reforço escolar matemática,Kumon BH - Barreiro,"4,7",13,Centro educacional,"R. Souza Magalhães, 179",(31) 99379-2914,sim,sim,
reforço escolar matemática,Reforço Escolar Barreiro,"5,0",7,Instituição educacional,"R. José Moreira, 260",(31) 99461-2316,não,,
reforço escolar matemática,Núcleo de Estudos Márcia Baldi,"4,9",97,Escola preparatória,"R. Fernandes Tourinho, 602 - Sl 601",(31) 99344-3660,sim,,
reforço escolar matemática,Casa Aprendiz,"5,0",36,Centro educacional,"R. dos Advogados, 434",(31) 97223-8283,sim,,
reforço escolar matemática,Caju Educa,"5,0",18,Consultor educacional,"R. Castelo de Sintra, 910 - Sl 17",(31) 98968-8020,sim,,
reforço escolar matemática,BP Aulas Particulares,"5,0",1,Centro de educação pré-escolar,"Praça Santa Rita, 101 - 2º andar sala 03",(31) 98481-9839,sim,,
reforço escolar matemática,Kumon BH - Santo Agostinho - Mato Grosso,"5,0",86,Centro educacional,"R. Mato Grosso, 860",(31) 3646-4066,sim,,
reforço escolar matemática,Kumon Unidade BH-CASTELO,"5,0",92,Centro educacional,"Av. Altamiro Avelino Soares, 655 - Loja 4",(31) 3889-4467,sim,,
reforço escolar matemática,Aulas particulares de Física e Matemática - Professor Leonardo,"5,0",75,Aulas particulares,"Av. Risoleta Neves, 78",(31) 97117-4677,sim,,
reforço escolar matemática,Kumon BH - Alipio De Melo,"5,0",30,Centro educacional,"R. Violeta de Melo, 38 - Lj 34",(31) 98272-0414,sim,,
reforço escolar matemática,Grupo Educab,"5,0",31,Aulas particulares,"Rua Padre Eustáquio, 51",(31) 99204-2377,não,sim,
reforço escolar matemática,Kumon BH - Cidade Nova/União,"5,0",33,Centro educacional,"R. Domingos Fernandes, 29",(31) 98379-2740,sim,,
reforço escolar matemática,EM ESPAÇO PSICOALFABETIZAR,"5,0",31,Aulas particulares,"R. José Fernando Gomes de Oliveira, 203",(31) 99296-2762,não,,
reforço escolar matemática,Aula Particular Matemática e Física (R. José Bernardino de Sena),"5,0",5,Aulas particulares,"R. José Bernardino de Sena, 43",(31) 99135-3948,sim,,
reforço escolar matemática,Centro educacional - Tupa da matemática,"5,0",2,Centro educacional,"R. Juruva, 129",(31) 99581-9665,sim,,
reforço escolar matemática,Núcleo de Ensino Beatriz Lobato,"5,0",6,Aulas particulares,"R. Martim de Carvalho, 506",(31) 99676-1422,sim,sim,
reforço escolar matemática,Reforço Escolar em Bh - Monitorias unid Savassi,"4,9",15,Centro educacional,(sem endereço),(31) 99805-4085,sim,,
reforço escolar matemática,Kumon BH - Belvedere,"5,0",205,Centro educacional,"Estr. p/ Nova Lima, 345",(31) 3019-6789,sim,,
reforço escolar matemática,Kumon BH - Anchieta,"4,8",21,Centro educacional,"Rua Vitório Marçola, 780 - Lj 7",(31) 97401-0928,sim,,
reforço escolar matemática,Kumon BH - Betania,"4,9",70,Centro educacional,"R. Úrsula Paulino, 397",(31) 3586-4484,sim,,
reforço escolar matemática,Núcleo De Ensino e Reforço Escolar (Física Química e Matemática),,0,Educação a domicílio,"Rua Terezinha Adriana de Castro, 540",(31) 97341-6199,sim,,
reforço escolar matemática,Kumon BH - Nova Suiça/Mg,"5,0",7,Centro educacional,"R. Lindolfo de Azevedo, 720",(31) 98867-2413,sim,sim,
reforço escolar matemática,Tetê Damázio - Curso Preparatório para Concursos,"4,8",166,Escola preparatória,"Rua dos Guajajaras, 1580 - Sl 401",(31) 99670-6058,sim,,
reforço escolar matemática,Kumon BH - Padre Eustaquio,"4,9",61,Escola de inglês,"R. Curral Del Rei, 219",(31) 99665-0213,sim,,
reforço escolar matemática,Bruno Professor BH (patrocinado),"5,0",41,Aulas particulares,"Rua Luiz Signorelli, 106",(31) 98800-8430,sim,,sim
reforço escolar matemática,Liberta Pré-vestibular (patrocinado),"5,0",164,Centro educacional,"Rua dos Guajajaras, 410",(31) 98469-3131,sim,,sim
reforço escolar matemática,MARCUS VINÍCIUS - LINGUAGENS E TEXTO (SALINHA),"5,0",105,Centro educacional,"R. Matias Cardoso, 63 - salas 605-606",,sim,,
reforço escolar matemática,Kumon BH-São Pedro-Rua Viçosa,"5,0",72,Centro educacional,"R. Viçosa, 468",(31) 98279-8666,sim,,
reforço escolar matemática,Kumon BH-Floresta,"5,0",21,Centro educacional,"R. Pte. Nova, 877",(31) 97518-3759,sim,,
reforço escolar matemática,Kumon BH - Silveira,"4,9",20,Centro educacional,"R. Ilacir Pereira Lima, 96 - Lj 02",(31) 3468-4048,sim,,
reforço escolar matemática,Kumon BH - Santo Agostinho,"5,0",29,Centro educacional,"Av. Álvares Cabral, 1190",(31) 3021-5555,sim,,
reforço escolar matemática,Aula Particular (Rua Luiza Carvalho Torres),,0,Centro Educacional,"Rua Luiza Carvalho Torres, 40",,sim,sim,
reforço escolar matemática,Kumon Contagem - Eldorado,"5,0",97,Escola de inglês,"Av. José Faria da Rocha, 3950 - Lj A",(31) 98406-1450,sim,,
reforço escolar matemática,Kumon BH - Ouro Preto - Monteiro Lobato,"5,0",27,Centro educacional,"R. Monteiro Lobato, 187 - Sl 02",(31) 99564-2292,sim,,
reforço escolar matemática,Kumon BH - Sebastião de Brito,"5,0",7,Centro educacional,"Av. Sebastião de Brito, 805 - Lj 15",(31) 99110-5780,sim,,
reforço escolar matemática,Kumon BH - Gutierrez,"4,8",26,Centro educacional,"R. Oscar Trompowsky, 844 - Loja 4",(31) 3564-1664,sim,,
reforço escolar matemática,Kumon Palmares,"5,0",25,Centro educacional,"R. José Cleto, 271",(31) 99077-6590,sim,,
reforço escolar matemática,Reforço escolar e Alfabetização (Ana Selva),"5,0",34,Aulas particulares,"R. Araguari, 553",(31) 98320-3095,sim,,
reforço escolar matemática,Kumon BH - Grajaú,"4,7",6,Centro educacional,"R. Contria, 1505 - Loja 04",(31) 99815-7505,sim,,
reforço escolar matemática,Reforço escolar do 0 ao 10,"5,0",11,Aulas particulares,"R. Ouricuri, 72",(31) 98546-0781,sim,,
reforço escolar matemática,Aprender Complemento & Reforço Escolar,"5,0",2,Escola preparatória,"R. Jamaica, 304",(31) 99676-4598,sim,,
reforço escolar matemática,Reforço e Acompanhamento Escolar da Emy,"5,0",13,Aulas particulares,(sem endereço),(31) 99329-2331,não,,
reforço escolar matemática,Unibe Belo Horizonte - Preparatório Militar,"4,7",916,Escola preparatória,"R. São Paulo, 387",(31) 3656-2534,sim,,
reforço escolar matemática,Kumon BH - Funcionários Aimorés,"5,0",27,Escola de inglês,"R. dos Aimorés, 388 - Loja 4",(31) 97224-3884,sim,,
reforço escolar matemática,Kumon Nova Lima/Mg,"3,3",4,Centro educacional,"R. Domingos Rodrigues, 250 - Lj 05",(31) 98433-0782,sim,,
reforço escolar matemática,Roberta Soares - Aula de reforço escolar / Psicopedagógico,"5,0",31,Aulas particulares,"R. Angicos, 393",(31) 99141-4821,sim,,
reforço escolar matemática,Evoluir Pré-Vestibular (patrocinado),"4,9",191,Escola preparatória,"Av. Presidente Antônio Carlos, 8100",(31) 98256-4465,sim,,sim
reforço escolar matemática,Kumon BH - Unidade Sion,"4,7",21,Centro de educação pré-escolar,"R. do Uruguai, 229 - Lj 5",(31) 3565-7771,sim,,
reforço escolar matemática,Exponencial Cursos - Barreiro,"5,0",40,Centro Educacional,"R. Rodolfo Jacob, 321",(31) 3327-5699,sim,,
reforço escolar matemática,Salinha Exponencial - Aulas particulares e Reforço escolar,"5,0",20,Aulas particulares,"Rua Alair Marques Rodrigues, 948",(31) 98786-3934,sim,,
reforço escolar matemática,Kumon BH - Renascença,"5,0",152,Centro educacional,"R. Jacuí, 2909",(31) 2523-0239,sim,,
reforço escolar matemática,Kumon BH - São Luiz,"5,0",16,Centro educacional,"Av. Cel. José Dias Bicalho, 355 - Lj 03",(31) 99660-7378,sim,,
reforço escolar matemática,Reforço Escolar em BH - Aula particular - Bem Família,"4,9",9,Instituição educacional,(sem endereço),(31) 98646-3808,sim,,
reforço escolar matemática,APA Alves Reforço Escolar,"5,0",29,Aulas particulares,"R. Lindóia, 334 - segundo andar",(31) 98690-5488,não,,
reforço escolar matemática,Estudo em Foco,"5,0",17,Aulas particulares,(sem endereço),(31) 97309-9928,não,,
reforço escolar matemática,Aulas de reforço escolar em Matemática com valores sociais (alunos surdos),"5,0",23,Aulas particulares,"R. José Pedro Pereira, 100 - bloco 10 ap 104",(31) 98484-2121,sim,,
reforço escolar matemática,Chromos Pré Centro - Enem e Cefet/Coltec,"4,5",157,Escola preparatória,"R. da Bahia, 1200",(31) 3213-7070,sim,,
reforço escolar matemática,Escola Belvedere - Acompanhamento escolar,,0,Escola particular,"R. Des. Jorge Fontana, 476 - sala 1306",(31) 99358-0002,sim,,
reforço escolar matemática,Centro Cultural Daniela Rosa,"4,9",174,Escola de idiomas,"R. Padre Odorico, 180",(31) 98840-1880,sim,,
reforço escolar matemática,Espaço Pedagógico AE Reforço Escolar,"5,0",12,Aulas particulares,R. das Codornas,(31) 99148-7704,sim,,
reforço escolar matemática,Liberta Pré-vestibular,"5,0",164,Centro educacional,"Rua dos Guajajaras, 410 - 6º andar",(31) 98469-3131,sim,,
reforço escolar matemática,Exatas Class,"5,0",20,Aulas particulares,(sem endereço),(31) 98944-7423,não,,
reforço escolar matemática,Escola de Formação,"4,4",13,Instituição educacional,"Av. Amazonas, 5855",(31) 3379-8289,sim,,
reforço escolar matemática,Ambiente Ciclos - Apoio Pedagógico,"5,0",53,Aulas particulares,"R. Cel. Marcelino, 107",(31) 98104-0765,não,,
reforço escolar matemática,Alfabetizando Bh,"5,0",23,Aulas particulares,"R. Érico Veríssimo, 1411 - Sala 102",(31) 98811-9389,sim,,
reforço escolar matemática,Crescer Brasil Cursos Profissionais,"4,9",63,Instituição educacional,"Av. Abílio Machado, 1854",(31) 97178-5665,não,,
reforço escolar matemática,Instituto Coração de Jesus - Colégio Chromos Nova Suíça,,0,Escola bilíngue,"R. Olinda, 206",(31) 3332-6203,sim,,
